label,title,description,tags
1,Package thief caught on Ring doorbell camera,Front porch theft in broad daylight,doorbell|ring camera|porch
1,CCTV catches burglar breaking into home at night,Backyard security camera footage,cctv|surveillance|home security
1,Nest cam records suspicious person at front door,Driveway and front door view,nest cam|front door|security cam
1,Doorbell camera porch pirate steals delivery,,doorbell|caught on camera
0,How to install a security camera system tutorial,Step by step DIY guide,installation|tutorial|review
0,Best security cameras 2024 unboxing and review,Top 5 picks,unboxing|review|for sale
0,CCTV gameplay montage epic music video,,gameplay|music
0,Horror movie trailer surveillance footage found tape,Official trailer,movie|trailer
1,Raccoon caught on backyard home security camera at night,Quiet night cam in the yard,raccoon|backyard|security camera
1,Deer wander into my front yard security camera footage,Overnight driveway cam,deer|front yard|night vision
1,Living room indoor home security camera footage overnight,Nothing happens just the empty house,indoor|living room|home
1,Nanny cam footage in the nursery at home,Baby monitor recording,nanny cam|nursery|home
1,Front yard security camera night vision quiet evening,Residential porch and driveway view,front yard|night vision|home security
1,24/7 home cctv live feed of the backyard,Continuous residential camera stream,home|backyard|live feed
0,Deer in the deep woods caught on trail camera,Remote forest wilderness trail cam,deer|trail camera|wildlife
0,Best nanny cam 2026 buying guide and review,Top picks with amazon links,nanny cam|review|buy
0,Reolink night vision security camera unboxing specs,Wifi camera product demo,reolink|night vision|wifi camera
0,Coyote pack hunting in the mountains wildlife documentary,Nature film,coyote|wildlife|documentary
